sub_query,rerank_score,score,source,document_id,revision,chunk_index,title,page,text_content
device accessory and component identification list,0.7851439,0.289446563,D46704 HAL  4.0 Accessory and Component List Rev 1.0.docx.pdf,D46704,1,6,4. Component List (Continued),6,"Workflow ID: 186405334, Doc Title: HAL  4.0 Accessory and Component List, Doc No:D46704, Rev: 1.0, Approver: Susan Koehl (skoehl), Title: Sr. Product Manager, Date: Wednesday, 10/12/2022 11:27 AM  Pacific Daylight Time, Meaning: I acknowledge my electronic signature carries the same meaning as a handwritten signature Workflow ID: 186405334, Doc Title: HAL  4.0 Accessory and Component List, Doc No:D46704, Rev: 1.0, Approver: Stuart Crowther (scrowthe), Title: Sr. Regulatory Submissions, Date: Wednesday, 10/12/2022 01:02 PM  Pacific Daylight Time, Meaning: I acknowledge my electronic signature carries the same meaning as a handwritten signature Workflow ID: 186405334, Doc Title: HAL  4.0 Accessory and Component List, Doc No:D46704, Rev: 1.0, Approver: Tom Dwyer (tdwyer), Title: RA / QA Specialist, Date: Thursday, 10/13/2022 10:05 AM  Pacific Daylight Time, Meaning: I acknowledge my electronic signature carries the same meaning as a handwritten signature"
device accessory and component identification list,0.63329685,0.345127553,D46704 HAL  4.0 Accessory and Component List Rev 1.0.docx.pdf,D46704,1,5,4. Component List (Continued),4-6,"Lasers Aids to position the patient for radiation treatment Couch Supports the patient for radiation treatment Transformer Required when the country uses 380V power (not included with other power configurations) Mains Disconnect Panel Device that connects or disconnects all system power Device that houses the interface to the cell’s door Relay Junction Box switches, emergency off switches, and warning lamps Table 4:  Console area and Treatment Room Components HAL 4.0 Accessory and Component List This document contains confidential, proprietary information of Varian Medical Systems. It may not be copied or reproduced without prior written permission from Varian Medical Systems. Doc Number Rev. Date Date of D46704 1.0 eSign Format L00002426 Rev 02   Page 5 of 5 Varian Confidential Appendix A: Abbreviations and Definitions  D10532 HAL Treatment Delivery Platform Glossary Document Signing Page This document has been reviewed and electronically signed by the following people:"
device accessory and component identification list,0.29431635,0.280940294,102341812MIN-003a - HAL4.0 - IEC 60601-1-3.pdf,102341812,,17,"40 51st Way NE, Suite 100 (Continued)",9,"5.1 Marking on the outside of ME EQUIPMENT or ME EQUIPMENT parts P 5.1.1 All removable sub-assemblies, components, and ACCESSORIES of X-RAY EQUIPMENT are marked to ensure: No interchangeable devices P - they can be identified readily and correlated with ACCOMPANYING DOCUMENTS P - interchangeable devices are individually distinguishable to the OPERATOR in NORMAL USE and for the purpose of replacement Accessories are marked N/A All markings are permanently affixed and clearly legible according to Clause 7 of IEC 60601-1 P 5.1.2 General marking requirements applied according to 5.1.1, and indication of FILTER properties applied according to 7.3 Marking are provided and contents are matching collateral requirements. P 5.2 Accompanying documents P 5.2.1 ACCOMPANYING DOCUMENTS include the required statements per sub-clauses in Table 2 ................. : P1039628 Halcyon Instructions For Use v4.0 P1039657 Halcyon IEC Accompanying Documents Type Tests and Procedures P"
device accessory and component identification list,0.19345194,0.307937,D101280 106485676MIN-005  IEC60601-2-1 Ed.4.0 HAL4.0_30_APR_2026 Rev 1.pdf,D101280,1,16,"40 51st Way NE, Suite 100 (Continued)",11,"with their ACCOMPANYING DOCUMENTATION; N/A No such parts - that interchangeable devices are individually distinguishable to the OPERATOR both in NORMAL USE and for the purpose of obtaining replacements. N/A ⎯ 201.7.2.4 Accessories: For all interchangeable and non-adjustable BEAM LIMITING DEVICES (BLDs) and ELECTRON BEAM APPLICATORS, the dimensions of the GEOMETRICAL RADIATION FIELD at the REFERENCE TREATMENT DISTANCE (RTD) and the distance from the distal end to RTD shall be clearly legible on the outside of the device. No such parts N/A The dimensions of the GEOMETRICAL RADIATION FIELD at the RTD shall be clearly stated in the ACCOMPANYING DOCUMENTATION for all non-adjustable BLDs. No such BLDs N/A For adjustable devices, the minimum and maximum size of the GEOMETRICAL RADIATION FIELD at the REFERENCE TREATMENT PLANE shall be SPECIFIED in the ACCOMPANYING DOCUMENTATION No such parts N/A For any ACCESSORY supplied by the MANUFACTURER, the limitations of each device"
device accessory and component identification list,0.18388654,0.35033223,D101280 106485676MIN-005  IEC60601-2-1 Ed.4.0 HAL4.0_30_APR_2026 Rev 1.pdf,D101280,1,15,"40 51st Way NE, Suite 100 (Continued)",10-11,"201.5.9.2.1 Where the nature of the installation renders parts inaccessible to the standard test finger and they can only be made accessible by use of a TOOL, those parts will not be considered ACCESSIBLE PARTS. The ACCOMPANYING DOCUMENTATION shall describe such situations. Tool required to open enclosure P 201.6 CLASSIFICATION OF ME EQUIPMENT AND ME SYSTEMS Clause 6 of the general standard applies  P Page 11 of 102                            Report No. 106485676MIN-005 IEC 60601-2-1 Clause Requirement + Test Result - Remark Verdict TRF No. IEC60601_2_1I 201.7 ME EQUIPMENT IDENTIFICATION, MARKING AND DOCUMENTS ⎯ Clause 7 of the general standards applies, except as follows: 201.7.1.1 USABILITY of the identification, marking and documents. Addition: All sub-assemblies, components and ACCESSORIES of ELECTRON ACCELERATORS that can be removed in NORMAL USE, and are relevant to compliance with this document, shall be marked to ensure: - that they can be identified readily and correlated"
device accessory and component identification list,0.16803622,0.333132893,104993953MIN-001 - HAL4.0 - IEC 60601-1.pdf,104993953,,14,"40 51st Way NE, Suite 100 (Continued)",13-17,"Page 12 of 365                          Report No. 104993953MIN-001 TRF No. IEC60601_1S Page 13 of 365                          Report No. 104993953MIN-001 TRF No. IEC60601_1S Page 14 of 365                          Report No. 104993953MIN-001 TRF No. IEC60601_1S Page 15 of 365                          Report No. 104993953MIN-001 TRF No. IEC60601_1S Page 16 of 365                          Report No. 104993953MIN-001 TRF No. IEC60601_1S Test item particulars...................................................: Classification of installation and use.......................: permanently installed Supply Connection .....................................................: permanently installed Device type (component/sub-assembly/ equipment/ system)………………………………..: System Intended use (Including type of patient, application location)…………………………………: IGRT Mode of operation……………………………………:     Continuous Accessories and detachable parts included……...: None"
device accessory and component identification list,0.15934819,0.287727237,D70060 HAL 4.0 GSPR Checklist Rev2.docx.pdf,D70060,2,89,2. Canada Medical Device Regulations (CMDR) – 2024-12-14 (Continued),31,"Checklist for MDR GSPR, Canadian MDR, and Australian Essential Principles [Device Name] Revision Doc Number 2 D70060 Varian Confidential REG0507F08 Rev 04 This document contains confidential, proprietary information of Varian, a Siemens Healthineers Company. It may not be copied or reproduced without prior written permission from Varian. Page 31 of 45 AU EP 13.3 MDR GSPR 3(23.2a) CMDR 21(a) AU EP 13.3(3) (a) the name or trade name of the device; EN ISO 15223-1:2016 Main device label contains the name and serial number of the device. Main device label contains the name and address of the legal manufacturer. P1025347 Device ID Plate- China and UK MDR GSPR 3(23.2b) CMDR 21(c) AU EP 13.3(2), 13.3(3) (b) the details strictly necessary for a user to identify the device, the contents of the packaging and, where it is not obvious for the user, the intended purpose of the device; EN ISO 15223-1:2016 Main device label contains the name and serial number of the device. HAL ID Plates:  P1015412007"
device accessory and component identification list,0.15778464,0.280955493,D101277 106485676MIN-001 IEC60601-1 Ed.3.2 HAL4.0_30_APR_2026 Rev 1.pdf,D101277,1,42,6. The MSO shall only be used to power the console cabinet (Continued),32-33,"EQUIPMENT, its part, an ACCESSORY, or ENCLOSURE did not permit application of all required markings ………………………………..: See attached copy of Marking Plate P Remaining markings fully recorded in ACCOMPANYING DOCUMENTS ……………………: IFU has explanation of markings. See: P1023892 P1028960 P1039628 P Markings applied to individual packaging when impractical to apply to ME EQUIPMENT N/A Single use item marked…………………………..: No single use materials or components N/A 7.2.2 ME EQUIPMENT marked with:   P – the name or trademark and contact information of the MANUFACTURER P See attached copy of – a MODEL OR TYPE REFERENCE Marking Plate P – a serial number or lot or batch identifier; and  P Page 33 of 352                           Report No.106485676MIN-001 IEC 60601-1 Clause Requirement + Test Result - Remark Verdict TRF No. IEC60601_1U – the date of manufacture or use by date  P Detachable components of the ME EQUIPMENT not marked; misidentification does not present an unacceptable risk, or"
device accessory and component identification list,0.14572217,0.320875823,D101277 106485676MIN-001 IEC60601-1 Ed.3.2 HAL4.0_30_APR_2026 Rev 1.pdf,D101277,1,14,"40 51st Way NE, Suite 100 (Continued)",13,"Page 13 of 352                           Report No. 106485676MIN-001 TRF No. IEC60601_1U Test item particulars...................................................: Classification of installation and use.......................: permanently installed Supply Connection .....................................................: permanently installed Device type (component/sub-assembly/ equipment/ system)………………………………..: System Intended use (Including type of patient, application location)…………………………………: IGRT Mode of operation……………………………………:   Continuous Accessories and detachable parts included……...: None Other options include……………………………...: Optional system isolation transformer and kV imaging Possible test case verdicts: - test case does not apply to the test object ........... : N/A - test object does meet the requirement .................. : P (Pass) - test object was not evaluated for the requirement……………………………………………..: N/E (collateral standards only)"
device accessory and component identification list,0.1425897,0.280815691,105008743MPK-002 rev2 - HAL4.0 - IEC 60601-1-2.pdf,105008743,2,28,1.0 Testing Program Details > 1.6 Compliance Summary (Continued),16,"for Use P1058124-001-A P d) List of cables, transducers and accessories Halcyon and Ethos Instructions for Use P1058124-001-A P e) A warning that other cables and accessories may negatively affect EMC performance Halcyon and Ethos Instructions for Use P1058124-001-A P f) A statement that portable RF communications equipment. Including antennas, can effect medical electrical equipment.  The warning should include a use distance such as “…be used no closer than 30 cm (12 inches) to any part of the [ME EQUIPMENT or ME SYSTEM], including cables specified by the manufacturer” Halcyon and Ethos Instructions for Use P1058124-001-A P 5.2.1.2 Required statement from standard for Class A equipment Halcyon and Ethos Instructions for Use P1058124-001-A P 5.2.2 Technical description 5.2.2.1 All equipment and systems Describe precautions to be taken to prevent adverse events to the Patient and Operator due to electromagnetic disturbances Halcyon and Ethos Instructions for Use P1058124-001-A P"
device accessory and component identification list,0.12220858,0.315597087,D99871 Video Digitizer USB 2861 Device Rev1 Verification Plan  Rev 01 .docx.pdf,D99871,1,5,2. Component Overview,4-5,"The digitizer “USB 2861 Device” include a digitizer converter and a CA-USB20-AB/1ft - USB 2.0 Type A to Type B cable. The following figure gives an overview of the major components and interfaces (1)(2): Video Digitizer USB 2861 Rev1 Device Verification Plan This document contains confidential, proprietary information of Varian Medical Systems. It may not be copied or reproduced without prior written permission from Varian Medical Systems. Doc NumberRev. Date Date of last e-sign D9987101 Format DND08T01 Rev 02   Page 5 of 9"
device accessory and component identification list,0.1169656,0.30574894,D46704 HAL  4.0 Accessory and Component List Rev 1.0.docx.pdf,D46704,1,1,1. Purpose,3,The purpose of this document is to describe the accessories and components that are included with HAL 4.0 and all models of linear accelerators included in the HAL platform.  All accessories and components will be included with both models unless noted otherwise. HAL models include:  Halcyon  Ethos radiotherapy system
device accessory and component identification list,0.11397347,0.298541099,D86613 PPS Kits Packaging Validation Protocol Rev 01.pdf,D86613,1,7,2. Scope (Continued),4,"SE150038070 KEYBOARD TOUCH COMBO, WIRELESS 键盘 8836020970 LABEL,DO NOT OPERATE,ROHS; 标签 8869900570 KIT, SERVICE,ROHS; 防静电手环套装 8869900770 防静电腕带测试仪 TESTER,WRIST STRAP,ROHS; 8869900970 WRIST STRAP W/CORD,ROHS; 防静电手环套装 8869901370 JACK,BANANA,STK SNAP,ROHS; 蕉型插头 8869901470 CORD,GROUNDING,COIL,ROHS; 电缆 8920020570 FAS,PLSTC,ROHS; 绑带 8920020970 S,PLSTC,ROHS; 绑带 8999944200 CARD,WALLET,LOCKOUT; 提示卡 10003255008 PENDANT ASSY 手控盒 10004679901 Regulator and Gauge Assy 压力表组件 P1009402001 CABLE, 22W22, COLL CTRL TO SRVC PNL 电缆 P1010390002 ASSY, COLL SERVICE PANEL 电路板 P1017684001 T-SHAPED PULL HANDLE 手柄 P1019809002 LOCKOUT PEG BOARD ASSEMBLY 面板 P1019903001 GREASE GUN NOZZLE W TIP, FLEXIBLE 黄油枪喷油嘴 P1019905001 GREASE GUN, LEVER GRIP 黄油枪 TM66334000 Service Panel Assy IGRT 面板 P1013129001 ZIF INSERTION AND REMOVAL TOOL 更换工具 P1021274001 Gap Inspection Gauge, ¼ in, 3/8 in, ½ in 间隙检验规 P1021275001 Gap Inspection Gauge, 3/4in female Nuts 间隙检验规 P1021641001 SHIM, ENCODER GAP 夹铁 P1021642001 SHIM, MOTOR GAP 夹铁"
device accessory and component identification list,0.109705776,0.33250162,D101277 106485676MIN-001 IEC60601-1 Ed.3.2 HAL4.0_30_APR_2026 Rev 1.pdf,D101277,1,43,6. The MSO shall only be used to power the console cabinet (Continued),33,"No such parts N/A RISK MANAGEMENT FILE includes an assessment of the RISKS relating to misidentification of all detachable parts…………………………………..: (ISO 14971 Cl. 5.2-5.5, 6, 7.3) No such parts N/A Detachable components of the ME EQUIPMENT are marked with the name or trademark of the MANUFACTURER, and No such parts N/A – a MODEL OR TYPE REFERENCE No such parts N/A Software forming part of a PEMS identified with a unique identifier…………………………………..: Software version is identified on the GUI of the console P Symbol 11 on Table D.1  used, optionally, 7.2.3 advice to OPERATOR to consult ACCOMPANYING DOCUMENTS P SAFETY SIGN 10 on Table D.2) used, advising OPERATOR that ACCOMPANYING DOCUMENTS must be consulted P ACCESSORIES marked with name or trademark 7.2.4 and contact information of their MANUFACTURER, and ………………………………………………….: No such parts N/A - with a MODEL or TYPE REFERENCE  N/A – a serial number or lot or batch identifier  N/A – the date of manufacture or use by date  N/A"
device accessory and component identification list,0.10743748,0.324500173,D77635 Halcyon SN1778 TSCL Rev 14.pdf,D77635,14,16,2. Test System Configuration > 2.2 Hardware Components > 2.2.3 Accessories,8-9,"Item DescriptionTest System BOMInstalled Part Number:Installed SN:Production Part Equivalence Justification n/an/an/an/an/a n/a Test System Configuration List Halcyon SN1778 – TC09 KEM Effective Date Doc NumberRevision D7763514 See date of last e-sign Varian Confidential DND0913T01-Rev 02 This document contains confidential, proprietary information of Varian, a Siemens Healthineers Company. It may not be copied or reproduced without prior written permission from Varian. Page 9 of 12"
device accessory and component identification list,0.10484336,0.358172715,D46704 HAL  4.0 Accessory and Component List Rev 1.0.docx.pdf,D46704,1,2,2. Accessory List,3,Accessory Purpose None No accessories are required for clinical use Table 1:  Accessories
device accessory and component identification list,0.10320506,0.280596912,D70060 HAL 4.0-GSPR Checklist.pdf,D70060,,69,2. Canada Medical Device Regulations (CMDR) – 2019-06-21 (Continued),23,"This document contains confidential, proprietary information of Varian, a Siemens Healthineers Company. It may not be copied or reproduced without prior written permission from Varian. Page 23 of 40 MDR GSPR 2(19.3) CMDR 15, 16 AU EP 12.13 Active implantable devices and, if appropriate, their component parts shall be identifiable to allow any necessary measure to be taken following the discovery of a potential risk in connection with the devices or their component parts. N/A HAL is not an active implantable device. N/A MDR GSPR 2(19.4) CMDR 21 AU EP 12.13 Active implantable devices shall bear a code by which they and their manufacturer can be unequivocally identified (particularly with regard to the type of device and its year of manufacture); it shall be possible to read this code, if necessary, without the need for a surgical operation. N/A HAL is not an active implantable device. N/A MDR GSPRProtection against mechanical and thermal risks 2(20) MDR GSPR 2(20.1) CMDR 15, 16 AU EP 12.7"
device accessory and component identification list,0.0913821,0.311452746,D58685-Rev04-HAL4.0 Traceability Plan.pdf,D58685,4,10,3. Responsibilities 职责 > 3.4 RA/QA 法规部/质量部,5,"Provided input to traceability evaluation based upon requirements from both domestic and international regulatory authorities and approved this Plan. 根据国内和国际监管机构的要求，为可追溯性评估提供输入，并批准本计划。 4. Traceability Evaluation 可追溯性评价 4.1 This traceability plan was developed for HAL4.0 production.  As there are 3 Key types of Components, or sub-assemblies of the device, three separate tables were developed. 该可追溯性计划专门为HAL4.0 生产而制定。由于设备的部件或子组件主要分为三种类型，因此创建 了三份独立的表格。 4.2 Appendix C describes the buy level components which include Off-the-Shelf components, customized parts, buy level FRU components, Critical Components. Critical components are identified in D52223-HAL4.0 Process Controls and Critical components List and D61200- HAL4.0 Design Failure Modes and Effects Analysis 附录C 对包括现成部件、定制部件、采购的FRU 部件、关键部件在内的采购部件进行了介绍。 D52223-HAL4.0 过程控制和关键部件清单，以及D61200-HAL4.0 设计失效模式及影响分析报告对关 键部件进行了界定。 4.3 Appendix D describes the in-house make level Components, in house make FRU components included."
device accessory and component identification list,0.08108211,0.280008197,D47457 HAL 4.0 APS Record Rev 04.docx.pdf,D47457,4,10,2.0 Standards Evaluation > 2.1 Characterization of the Product Being Evaluated,5,"The product being evaluated is: ☒   A medical device ☒   A combination of medical devices and non-medical devices (i.e., a ME system or medical device software for use on ITE) ☐   Not a medical device ☐   Other____________________ The product type being evaluated is (check only one): Product type Product Type ☒  ☐ Medical acceleratorTreatment Planning System ☐  ☐ Medical accelerator accessory Treatment Management System ☐  ☐ Imaging SystemInformation System ☐  ☐ Embolic deviceAblation System ☐  ☐ Ablation probeAblation accessories ☐ ☐ Biopsy DeviceBiopsy accessories ☐  ☐ Brachytherapy systemBrachytherapy applicator ☐ ☐ Brachytherapy accessoryOther: Specific characteristics of the product being evaluated Device Characteristic (select all that apply)Mandatory Sections of Assessment Form ☒  Hardware/ Consumable 2.2, 2.3, 2.6, 2.9, 2.13, 2.21, 2.24, 2.25, 2.26, 2.28 ☒   Reusable/ End-user sterilized 2.4 ☐   Terminally sterilized 2.5, 2.7 ☒   Patient contact or Implantable 2.7, 2.8"
device accessory and component identification list,0.07850098,0.303042501,D89914 TSCL Halcyon B - Halcyon Test Cart - Ethos Test Bench Rev 02.docx.pdf,D89914,2,13,2. Test System Configuration > 2.2 Hardware Components > 2.2.3 Accessories,6-7,"No accessories are available for a simulated test system. Test System Configuration List Halcyon B (Halcyon Test Cart / Ethos Test Bench) Effective Date Doc Number Revision D89914 02 See date of last e-sign Varian Confidential DND0913T01-Rev 02 This document contains confidential, proprietary information of Varian, a Siemens Healthineers Company. It may not be copied or reproduced without prior written permission from Varian. Page 7 of 10"
device accessory and component identification list,0.078359805,0.291914076,D74887 HAL 4.0 MR1 Validation Summary Report Rev01.docx.pdf,D74887,1,21,5. Evaluation > 5.1.1 DR Targets (Continued),9-10,"TPMS Treatment Planning Management System TRR Test Readiness Review TSCL Test System Configuration List Definitions Term Definition Supporting Devices / Components Devices or components which are required to validate the user needs for the device under test. Interoperability Interoperability refers to the exchange of data between two or more devices. Applies to V&V. Compatibility Compatibility refers to Technical Compatibility (verification). There is no data exchange between two or more devices. Early Validation Round Validation testing prior to Validation Test Readiness Review. Validation Run of Record Validation testing after Validation Test Readiness Review. HAL 4.0 MR1 Validation Summary Report This document contains confidential, proprietary information of Varian Medical Systems. It may not be copied or reproduced without prior written permission from Varian Medical Systems. Doc Number Rev. Date Date of Last D74887 01 eSign DND09T02 Rev 02   Page 10 of 16 Appendix B: References"
device accessory and component identification list,0.062331032,0.309140235,104993953MIN-001 - HAL4.0 - IEC 60601-1.pdf,104993953,,45,6. The MSO shall only be used to power the console cabinet (Continued),37-38,"detachable parts .................................................. (ISO 14971 Cl. 4.2-4.4, 5, 6.4) No such parts N/A Detachable components of the ME EQUIPMENT are marked with the name or trademark of the MANUFACTURER, and No such parts N/A – a MODEL OR TYPE REFERENCE No such parts N/A Software forming part of a PEMS identified with a unique identifier................................................. Software version is identified on the GUI of the console P Page 37 of 365                     Report No. 104993953MIN-001 IEC 60601-1 Clause Requirement + Test Result - Remark Verdict TRF No. IEC60601_1S Symbol 11 on Table D.1  used, optionally, 7.2.3 advice to OPERATOR to consult ACCOMPANYING DOCUMENTS P Safety sign 10 on Table D.2) used, advising OPERATOR that ACCOMPANYING DOCUMENTS must be consulted P ACCESSORIES marked with name or trademark 7.2.4 and contact information of their MANUFACTURER, and .......................................................................... N/A"
device accessory and component identification list,0.056966383,0.293582946,102341812MIN-005_CDR Halcyon 4.0 issued 30 Sep 2022.pdf,102341812,,56,10.0 General Information,39,"The Applicant and Manufacturer have agreed to produce, test and label ETL Listed products in accordance with the requirements of this Report.  The Manufacturer has also agreed to notify Intertek and to request authorization prior to using alternate parts, components or materials. COMPONENTS Components used shall be those itemized in this Intertek report covering the product, including any amendments and/or revisions. LISTING MARK The ETL Listing mark applied to the products shall either be separable in form, such as labels purchased from Intertek, or on a product nameplate or other media only as specifically authorized by Intertek.  Use of the mark is subject to the control of Intertek. The mark must include the following four items: 1) applicable country identifiers ""US"" and/or ""C"" or ""US"", ""C"" and ""EU"" 2) the word ""Listed"" or ""Classified"" or ""Recognized Component"" (whichever is appropriate) 3) a control number issued by Intertek"
device accessory and component identification list,0.056966383,0.274112493,D65245 HAL 4.0 Packaging Validation Protocol and Report Rev 04.docx.pdf,D65245,4,14,3. Test Setup Consideration > 3.7. Equipment/ Instrument/ Measuring Tools,4,"3.7.1. Test equipment at the test lab must have current calibration status. The following is a list of identifiers that will be documented in their report:  Equipment ID (as applicable),  Equipment description,  Manufacturer and model number,  IQ/OQ report number(s) (as applicable),  Serial number,  Calibration/Preventive Maintenance due date."
device accessory and component identification list,0.054499876,0.301795334,D74366 HAL 4.0 MR1 Early Validation Summary Report Rev01.docx.pdf,D74366,1,19,5. Evaluation > 5.1.1 DR Targets (Continued),11-12,"TSCL Test System Configuration List Definitions Term Definition Supporting Devices / Components Devices or components which are required to validate the user needs for the device under test. Interoperability Interoperability refers to the exchange of data between two or more devices. Applies to V&V. Compatibility Compatibility refers to Technical Compatibility (verification). There is no data exchange between two or more devices. Early Validation Round Validation testing prior to Validation Test Readiness Review. Validation Run of Record Validation testing after Validation Test Readiness Review. HAL 4.0 MR1 Early Validation Summary Report This document contains confidential, proprietary information of Varian Medical Systems. It may not be copied or reproduced without prior written permission from Varian Medical Systems. Doc Number Rev. Date Date of Last 01 D74366 eSign DND09T02 Rev 02   Page 12 of 17 Appendix B: References List of references:"
device accessory and component identification list,0.053206205,0.30809918,D65617 HAL4 DCS Rev 02.docx.pdf,D65617,2,185,61 of 73 > 9.1.2.25.1.4 TID 1004: Device Observer Identifying Attributes,61,"NL Rel with Parent VT Concept Name VM Req Type Condition Handling 1   UIDREF EV (121012, DCM, ""Device Observer UID"") 1 M  1.2.246.352.62.1{ Encoded Device Serial Number } Encoded Device Serial Number: Stringed list of ASCII code representations of every character of the Device Serial Number (three digits, leading zero's). Device Serial Number is supposed to contain ASCII characters only. 2   TEXT EV (121013, DCM, ""Device Observer Name"") 1 U  Exports value of Station Name (0008,1010) in General Equipment Module 3   TEXT EV (121014, DCM, ""Device Observer Manufacturer"") 1 U  Exports value of Manufacturer (0008,0070) in General Equipment Module 4   TEXT EV (121015, DCM, ""Device Observer Model Name"") 1 U  Exports value of Manufacturer's Model Name (0008,1090) in General Equipment Module 5   TEXT EV (121016, DCM, ""Device Observer Serial Number"") 1 U  Exports value of Device Serial Number (0018,1000) in General Equipment Module 6   TEXT EV (121017, DCM, ""Device Observer Physical"
device accessory and component identification list,0.0527164,0.280426949,D45070 Hal 4 Applicable Product Standards Rev 2.docx.pdf,D45070,2,137,3. Summary of Identified Standards (Continued),83,"Doc Number Rev. Date D45070 2 date of last e-sign Format L00003413 Rev 08        Page 83 of 95 2.14 -22  Applicable  Not Applicable YY 0832.1-2015 X 辐射放射治疗立体定向 及计划系统 第 1 部分：头 部 X 辐射放射治疗立体定 向及计划系统 Stereotactic and planning system for radiotherapy with X- Radiation—Part 1:Stereotactic and planning system for radiotherapy with X- Radiation for head lesion  Self Cert Test report  Third Party China-specific standard and partially refers to: 1) IEC60976 2) IEC60601-2-1 2.14 -23  Applicable  Not Applicable YY/T 0466.2-2015 医疗器械 用于医疗器械标 签、标记和提供信息的符 号 第 2 部分：符号的制 订、选择和确认 Medical devices -- Symbols to be used with medical device labels, labelling, and information to be supplied -- Part 2: Symbol development, selection and validation Essential Requirements Checklist, L00002431; Product Safety Labels LL00000224; Content of Device Labels and Labeling LL00000226 Item is not tested, it is verified by following SOPs Identical to ISO 15223-2:2010 Maggie: No need to be mentioned in PTR."
device accessory and component identification list,0.04681203,0.303571373,D70060 HAL 4.0-GSPR Checklist.pdf,D70060,,97,2. Canada Medical Device Regulations (CMDR) – 2019-06-21 (Continued),31,"3(23.4d) CMDR 21(i) (d) where applicable, links to the summary of safety and clinical performance referred to in Article 32; Article 32  applies to Class III and Implantable devices N/A only. N/A MDR GSPR 3(23.4e) CMDR 21(i) AU EP 13.4(4) (e) the performance characteristics of the device; IEC60976 Functional Performance Characteristics (IEC 60976) Covers this. P1039655 Functional Performance Characteristics (IEC 60976) MDR GSPR 3(23.4f) CMDR 21(i) AU EP 13.4(6, 18) (f) where applicable, information allowing the healthcare professional to verify if the device is suitable and select the corresponding software and accessories; EN ISO 20417:2021 IFU contains intended Use and Indications for Use Statements. Customer Release Note states what devices HAL is compatible with. There are no accessories with HAL. P1039628 Halcyon and Ethos Instructions For Use P1039653 Halcyon and Ethos Customer Release Note MDR GSPR 3(23.4g) CMDR 21(i) AU EP 13.4(5)"
device accessory and component identification list,0.045862664,0.329330504,D67097 HAL 4.0 Summative Usability Evaluation Plan Rev01.docx.pdf,D67097,1,31,4.0 Test Items > 4.1 Medical Device and Accessories,11,See section 2 above.
device accessory and component identification list,0.045777272,0.282635152,104993953MIN-001 - HAL4.0 - IEC 60601-1.pdf,104993953,,46,6. The MSO shall only be used to power the console cabinet (Continued),38,"No such parts N/A - with a MODEL or TYPE REFERENCE – a serial number or lot or batch identifier N/A – the date of manufacture or use by date N/A Markings applied to individual packaging when not practical to apply to ACCESSORIES N/A ME EQUIPMENT and ME SYSTEM intended to 7.2.5 receive power from other equipment, provided with one of the following ME System is mains connected, not powered by separate equipment N/A - the name or trademark of the manufacturer of the other electrical equipment and type reference marked adjacent to the relevant connection point; or N/A – Table D.2, safety sign No. 10 adjacent to the relevant connection point and listing of the required details in the instructions for use; or N/A – Special connector style used that is not commonly available on the market and listing of the required details in the instructions for use. N/A 7.2.6 Connection to the Supply Mains P Marking appearing on the outside of part containing SUPPLY MAINS connection and,"
software version tracking and configuration documentation,0.8130158,0.448580235,104993953MIN-001 - HAL4.0 - IEC 60601-1.pdf,104993953,,469,4 Supply voltage: (Continued),299,"IEC 60601-1 Clause Requirement + Test Result - Remark Verdict TRF No. IEC60601_1S Attachment - Software – IEC 62304:2006 — 8.1.3 [A, B, C] The MANUFACTURER documents the set of CONFIGURATION ITEMS and their VERSIONS that comprise the SOFTW ARE SYSTEM configuration Procedures used (Appendix A): DND19 Software Configuration Management Procedure Rev 02 addresses the documentation of configuration items Configuration management is documented in the DND04T01 Design and Development Plan (DDP) Rev 02. Device records (Appendix B): D45739 HAL 4.0 Design and Development Plan Rev 06.docx P 8.2 Change control— 8.2.1 [A, B, C] The MANUFACTURER changed CONFIGURATION ITEMS only in response to an approved CHANGE REQUEST Procedures used (Appendix A): DND19 Software Configuration Management Procedure Rev 02 addresses changes and change requests LL00000016 Change Request Rev 05 documents change and provides for approval. DND04T01 Design and Development Plan (DDP) Rev 02 includes configuration management"
software version tracking and configuration documentation,0.73354733,0.366895169,D101277 106485676MIN-001 IEC60601-1 Ed.3.2 HAL4.0_30_APR_2026 Rev 1.pdf,D101277,1,470,6. The MSO shall only be used to power the console cabinet (Continued),284-285,"Procedures used: RSK01 Medical Device Risk Management specifies the RSK0101T02 Risk Management Report (RMR). The RMR identifies whether added risk control measures are needed. Device records: D56979 HAL 4.0 Risk Management Report P 8 SOFTWARE CONFIGURATION MANAGEMENT PROCESS — 8.1 Configuration identification — 8.1.1 [A, B, C] The MANUFACTURER establishes a scheme for the unique identification of CONFIGURATION ITEMS and their VERSIONS to be controlled according to the development and configuration planning specified in 5.1 Procedures used: DND19 Software Configuration Management Procedure requires identification, including detailed version number Configuration management is documented in the DND04T01 Design and Development Plan (DDP) Device records: D45739 HAL 4.0 Design and Development Plan P 8.1.2 [A, B, C] For each SOUP CONFIGURATION ITEM being used, including standard libraries, the MANUFACTURER documents: P Page 285 of 352                           Report No.106485676MIN-001"
software version tracking and configuration documentation,0.7182981,0.30490840939999997,D68985 HAL 4.0 IEC 62304+A1 2015 Software Lifecycle Assessment Rev 01.docx.pdf,D68985,1,137,Document_Header (Continued),76-77,"D45739 HAL 4.0 Design and Development Plan Pass 8.1.3 [A, B, C] The MANUFACTURER shall document the set of CONFIGURATION ITEMS and their VERSIONS that comprise the SOFTW ARE SYSTEM configuration Procedures used (Appendix A): DND19 Software Configuration Management Procedure Rev 03 addresses the documentation of configuration items Configuration management is documented in the DND04T01 Pass IEC 62304+A1:2015 Software Lifecycle Assessment for HAL 4.0 This document contains confidential, proprietary information of Varian Medical Systems. It may not be copied or reproduced without prior written permission from Varian Medical Systems. Doc Number Rev. Date See date of last D68985 01 approval Page 77 of 93 Format L13834-Rev 01 IEC 62304 Clause Requirement + Test Result - Remark Verdict Design and Development Plan (DDP) Rev 04. Device records (Appendix B): D45739 HAL 4.0 Design and Development Plan 8.2 CHANGE CONTROL -- 8.2.1 [A, B, C] The MANUFACTURER shall change"
software version tracking and configuration documentation,0.69035035,0.394872338,D101277 106485676MIN-001 IEC60601-1 Ed.3.2 HAL4.0_30_APR_2026 Rev 1.pdf,D101277,1,472,6. The MSO shall only be used to power the console cabinet (Continued),286-287,"TRF No. IEC60601_1U c) the unique SOUP designator Procedures used: DND19 Software Configuration Management Procedure states that Vendor software is to be identified in the DND04T01 Design and Development Plan (DDP) following, and controlled as any other configuration item Configuration management is documented in the DND04T01 Design and Development Plan (DDP) Device records: D45739 HAL 4.0 Design and Development Plan P 8.1.3 [A, B, C] The MANUFACTURER documents the set of CONFIGURATION ITEMS and their VERSIONS that comprise the SOFTWARE SYSTEM configuration Procedures used: DND19 Software Configuration Management Procedure addresses the documentation of configuration items Configuration management is documented in the DND04T01 Design and Development Plan (DDP) Device records: D45739 HAL 4.0 Design and Development Plan P 8.2 Change control — Page 287 of 352                           Report No.106485676MIN-001 IEC 60601-1 Clause Requirement + Test Result - Remark Verdict"
software version tracking and configuration documentation,0.64332926,0.421475321,104993953MIN-001 - HAL4.0 - IEC 60601-1.pdf,104993953,,467,4 Supply voltage: (Continued),297-298,"Procedures used (Appendix A): DND19 Software Configuration Management Procedure Rev 02 requires identification, including detailed version number Configuration management is documented in the DND04T01 Design and Development Plan (DDP) Rev 02. Device records (Appendix B): D45739 HAL 4.0 Design and Development Plan Rev 06.docx P 8.1.2 [A, B, C] For each SOUP CONFIGURATION ITEM being used, including standard libraries, the MANUFACTURER documents: P a) the title Procedures used (Appendix A): DND19 Software Configuration Management Procedure Rev 02 states that Vendor software is to be identified in the DND04T01 Design and Development Plan (DDP) Rev 02 following, and controlled as any other configuration item Configuration management is documented in the DND04T01 Design and Development Plan (DDP) Rev 02. Device records (Appendix B): D45739 HAL 4.0 Design and Development Plan Rev 06.docx P Page 297 of 365                     Report No. 104993953MIN-001 IEC 60601-1"
software version tracking and configuration documentation,0.59036595,0.355750322,104993953MIN-001 - HAL4.0 - IEC 60601-1.pdf,104993953,,447,4 Supply voltage: (Continued),280-281,"5.8.4 [A, B, C] The MANUFACTURER documented the VERSION of the SOFTW ARE PRODUCT that is being released Procedures used (Appendix A): Software version being released is documented in the DND08T02 Verification Summary Report Rev 01 and DND09T02 Verification Summary Report Rev 02. Device records (Appendix B): D68588 Hal 4.0 Verification Summary Report Rev 01 D68014 HAL 4.0 Validation Summary Report Rev 01 P Page 280 of 365                     Report No. 104993953MIN-001 IEC 60601-1 Clause Requirement + Test Result - Remark Verdict TRF No. IEC60601_1S Attachment - Software – IEC 62304:2006 — 5.8.5 [B, C] The MANUFACTURER documents the procedure and environment used to create the released software Procedures used (Appendix A): The electronic Device Master Record Index (DMRI) documents the production procedures and environment used for the released software Electronic Device Master Record Index eDMRI Device records (Appendix B): Electronic Device Master Record (eDMR) is stored in"
software version tracking and configuration documentation,0.43206343,0.326641411,104993953MIN-001 - HAL4.0 - IEC 60601-1.pdf,104993953,,466,4 Supply voltage: (Continued),296-297,"(RMR) Rev 13. The RMR identifies whether added risk control measures are needed. Device records (Appendix B): D56979 HAL 4.0 Risk Management Report rev02.pdf P 7.4.3 [B, C] The MANUFACTURER performs relevant RISK MANAGEMENT ACTIVITIES defined in 7.1, 7.2 and 7.3 based on these analyses Procedures used (Appendix A): RSK01 Medical Device Risk Management Rev 07 specifies the RSK0101T02 Risk Management Report (RMR) Rev 13. The RMR identifies whether added risk control measures are needed. Device records (Appendix B): D56979 HAL 4.0 Risk Management Report rev02.pdf P — 8 SOFTW ARE CONFIGURATION MANAGEMENT PROCESS 8.1 Configuration identification— Page 296 of 365                     Report No. 104993953MIN-001 IEC 60601-1 Clause Requirement + Test Result - Remark Verdict TRF No. IEC60601_1S Attachment - Software – IEC 62304:2006 — 8.1.1 [A, B, C] The MANUFACTURER establishes a scheme for the unique identification of CONFIGURATION ITEMS and their VERSIONS to be controlled for the project."
software version tracking and configuration documentation,0.396886,0.315476298,D95424 HAL 4.0 MR2 (HAL Evolve) Maintenance Release Document Rev 04.pdf,D95424,4,33,1. Maintenance Release Plan > 1.5 Software Configuration Management > 1.5.4 SOUP (Continued),15-16,"Microsoft.AspNet.WebApi.Client  Microsoft Corporation  Version 5.2.3  None Microsoft.AspNet.WebApi.Core  Microsoft Corporation  Version 5.2.3  None Microsoft.AspNet.WebApi.Owin  Microsoft Corporation  Version 5.2.3  None Microsoft.Owin  Microsoft Corporation  Version 3.0.1  None Microsoft.Owin.Host.HttpListener  Microsoft Corporation  Version 3.1.0  None Microsoft.Owin.Hosting  Microsoft Corporation  Version 3.0.1  None Newtonsoft.Json  Newtonsoft  Version 9.0.1  None Owin  Microsoft Corporation  Version 1.0.0  None 1.6 Operations and Service Readiness Plan Database Migration Path This release only involves forward production cut-in. This release is not eligible for upgrades. Design Transfer, Product Deliverables • All SCM strategy, activities and deliverables are planned and recorded in this Maintenance HAL 4.0 MR2 (HAL Evolve) Maintenance Release Document This document contains confidential, proprietary information of Varian"
software version tracking and configuration documentation,0.39309373,0.347401172,D101277 106485676MIN-001 IEC60601-1 Ed.3.2 HAL4.0_30_APR_2026 Rev 1.pdf,D101277,1,411,6. The MSO shall only be used to power the console cabinet (Continued),231-232,"Development Plan (DDP), section 5.2. Device records: D45739 HAL 4.0 Design and Development Plan P The software configuration management information includes or references: P a) the classes, types, categories or lists of items to be controlled Procedures used: DND19 Software Configuration Management Procedure lists items to be controlled Configuration management is documented in the DND04T01 Design and Development Plan (DDP) Device records: D45739 HAL 4.0 Design and Development Plan P Page 232 of 352                           Report No.106485676MIN-001 IEC 60601-1 Clause Requirement + Test Result - Remark Verdict TRF No. IEC60601_1U b) the software configuration management ACTIVITIES and TASKS Procedures used: DND19 Software Configuration Management Procedure lists tasks Configuration management is documented in the DND04T01 Design and Development Plan (DDP) Device records: D45739 HAL 4.0 Design and Development Plan P c) the organization(s) responsible for performing"
software version tracking and configuration documentation,0.3869951,0.39658913,104993953MIN-001 - HAL4.0 - IEC 60601-1.pdf,104993953,,398,4 Supply voltage: (Continued),240,"Clause Requirement + Test Result - Remark Verdict TRF No. IEC60601_1S Attachment - Software – IEC 62304:2006 — c) the organization(s) responsible for performing software configuration management and ACTIVITIES Procedures used (Appendix A): DND19 Software Configuration Management Procedure Rev 02 links responsibilities to tasks. Configuration management is documented in the DND04T01 Design and Development Plan (DDP) Rev 02. Varian engineering infrastructure team is specified as responsible, in DND04T01 Design and Development Plan (DDP) Rev 02, section 5.2. Device records (Appendix B): D45739 HAL 4.0 Design and Development Plan Rev 06.docx P d) their relationship with other organizations, such as software development or maintenance Procedures used (Appendix A): DND19 Software Configuration Management Procedure Rev 02 includes engineering development and testing organizations/functions Configuration management is documented in the DND04T01 Design and Development Plan (DDP) Rev 02."
software version tracking and configuration documentation,0.37777022,0.313602805,D101277 106485676MIN-001 IEC60601-1 Ed.3.2 HAL4.0_30_APR_2026 Rev 1.pdf,D101277,1,456,6. The MSO shall only be used to power the console cabinet (Continued),272,Clause Requirement + Test Result - Remark Verdict TRF No. IEC60601_1U a) the MEDICAL DEVICE SOFTWARE and CONFIGURATION ITEMS Procedures used: Saving items in product vault and escrow is included in DND19 Software Configuration Management Procedure Configuration management is documented in the DND04T01 Design and Development Plan (DDP) Records retention policy for documents (including development testing and requirements) is specified in DOC0203 Quality Records Retention Schedule Device records: D45739 HAL 4.0 Design and Development Plan P b) the documentation Procedures used: Records retention policy for documents (including development testing and requirements) is specified in DOC0203 Quality Records Retention Schedule DND01 Design and Development Procedure discusses DOC0203 Quality Records Retention Schedule and records retention DND04T01 Design and Development Plan (DDP) references DND01 Design and Development Procedure Device records: D45739 HAL 4.0 Design and Development Plan P
software version tracking and configuration documentation,0.3704531,0.370107412,D95424 HAL 4.0 MR2 (HAL Evolve) Maintenance Release Document Rev 04.pdf,D95424,4,26,1. Maintenance Release Plan > 1.5 Software Configuration Management > 1.5.2 Branching Strategy,13-14,"Source code and Branching strategies for all the Console, Embedded, Imaging components Ember Software and Prerequisite, NLS and System builds are uploaded to DHF and mentioned in the Software Build Procedure documents listed below. • D67594_Halcyon_4.0_Console_Software_Build_Procedure_Rev_01.pdf • D68456 Halcyon 4.0 RTSS Build Procedure Rev 01.docx.pdf • D67814_XS_4.0_SBP_XINode_Rev_01.docx.pdf Black_Duck-2021.10.3.pdf (varian.com) L17311 - Validation Summary Report Document Overview: L17311 -Rev 01-PSW VALIDATION RECORD-6.6 Validation Summary Report for Black Duck 2020.4.1.pdf (varian.com) HAL 4.0 MR2 (HAL Evolve) Maintenance Release Document This document contains confidential, proprietary information of Varian Medical Systems. It may not be copied or reproduced without prior written permission from Varian Medical Systems. Doc Number Rev. Date Last date of e- D95424 04 sign DND01F02 Rev 01 Page 14 of 42 • D42334 CR SBP Rev 05.docx.pdf • D68539_MPC_2.37_SBP_Rev_01.pdf"
software version tracking and configuration documentation,0.3463202,0.325097412,D101277 106485676MIN-001 IEC60601-1 Ed.3.2 HAL4.0_30_APR_2026 Rev 1.pdf,D101277,1,412,6. The MSO shall only be used to power the console cabinet (Continued),232-233,"software configuration management and ACTIVITIES Procedures used: DND19 Software Configuration Management Procedure links responsibilities to tasks Configuration management is documented in the DND04T01 Design and Development Plan (DDP) Varian engineering infrastructure team is specified as responsible, in DND04T01 Design and Development Plan (DDP), section 5.2 Device records: D45739 HAL 4.0 Design and Development Plan P d) their relationship with other organizations, such as software development or maintenance Procedures used: DND19 Software Configuration Management Procedure includes engineering development and testing organizations/functions Configuration management is documented in the DND04T01 Design and Development Plan (DDP) Device records: D45739 HAL 4.0 Design and Development Plan P Page 233 of 352                           Report No.106485676MIN-001 IEC 60601-1 Clause Requirement + Test Result - Remark Verdict TRF No. IEC60601_1U e) when the items are to be placed under"
software version tracking and configuration documentation,0.3445537,0.321040034,D68782 HAL 4.0 Requirement Tracing rev 01.pdf,D68782,1,51,2. Requirements Tracing (Continued),21-22,"Software tools and access for 396117 Export Machine Configuration 1018428 Service Software tools and access for 396119 Backup 1018428 Service Software tools and access for 396120 Restore 1018428 Service HAL 4.0 Requirement Tracing This document contains confidential, proprietary information of Varian Medical Systems. It may not be copied or reproduced without prior written permission from Varian Medical Systems. Doc Number Rev. Date Date of last e- D68782 1.0 Sign Format DND01T01 Rev 02   Page 22 of 121 Requirement  User Need  Standard  Risk Control Measure Software tools and access for 396123 Prevent Restore from Different System Version 1018428 Service Software tools and access for 396124 Prevent Backup from Different Machine 1018428 Service Software tools and access for 396125 Service Workstation Backup 1018428 Service Software tools and access for 396126 Start/Stop Axeda Services 1018428 Service Software tools and access for 396127 Stop Clinac Model Server Service 1018428 Service"
software version tracking and configuration documentation,0.3436721,0.380532056,104993953MIN-001 - HAL4.0 - IEC 60601-1.pdf,104993953,,383,4 Supply voltage: (Continued),227,"c) TRACEABILITY between SYSTEM requirements, software requirements, SOFTW ARE SYSTEM test, and RISK CONTROL measures implemented in software Procedures used (Appendix A): Traceability is described in DND01 Design and Development Procedure Rev 02, which is referenced in the DND04T01 Design and Development Plan (DDP) Rev 02 Further details on traceability is in DND0203 Risk Based Design & Development Instruction Rev 02, which is referenced in DND01 Design and Development Procedure Rev 02 Device records (Appendix B): D45739 HAL 4.0 Design and Development Plan Rev 06.docx P d) software configuration and change management, including SOUP CONFIGURATION ITEMS and software used to support development Procedures used (Appendix A): DND19 Software Configuration Management Procedure Rev 02 and SOUP are included in the DND04T01 Design and Development Plan (DDP) Rev 02 Software used to support development is included in the Tools section of the DND04T01 Design and Development Plan (DDP) Rev 02."
software version tracking and configuration documentation,0.33491564,0.354012519,104993953MIN-001 - HAL4.0 - IEC 60601-1.pdf,104993953,,396,4 Supply voltage: (Continued),238,"developing documents are listed by phase in the DND01 Design and Development Procedure Rev 02 , which is referenced in the DND04T01 Design and Development Plan (DDP) Rev 02. Document approvals, changes, and procedures are specified in the DND0101 RACI for Design and Development Rev 02 (referenced in DND01 Design and Development Procedure Rev 02 , which is referenced in the DND04T01 Design and Development Plan (DDP) Rev 02). Device records (Appendix B): D45739 HAL 4.0 Design and Development Plan Rev 06.docx P 5.1.9 [A, B, C] The MANUFACTURER includes or references software configuration management information in the software development plan Procedures used (Appendix A): DND19 Software Configuration Management Procedure Rev 02 information is summarized in the DND04T01 Design and Development Plan (DDP) Rev 02, section 5.2. Device records (Appendix B): D45739 HAL 4.0 Design and Development Plan Rev 06.docx P The software configuration management information includes or references: P"
software version tracking and configuration documentation,0.30362856,0.300663263,D68782 HAL 4.0 Requirement Tracing rev 01.pdf,D68782,1,58,2. Requirements Tracing (Continued),24-25,"Software tools and access for 396236 Finalize Open Report - User Rights 1018428 Service Software tools and access for 396237 Force Finalization of Old Report 1018428 Service Software tools and access for 396238 Finalize - Enter Notes 1018428 Service Software tools and access for 396239 Finalize - List Missing Data 1018428 Service Software tools and access for 396243 Export Report 1018428 Service Verify software and hardware interface version 396244 Subsystem Version and Hardware Compatibility Check         393944 compatibility 696719 CBCT for planning - workflow Verify checksums calculated from critical data files 396245 CSI-Subsystem Configuration File Test         393909 before use HAL 4.0 Requirement Tracing This document contains confidential, proprietary information of Varian Medical Systems. It may not be copied or reproduced without prior written permission from Varian Medical Systems. Doc Number Rev. Date Date of last e- D68782 1.0 Sign Format DND01T01 Rev 02   Page 25 of 121"
software version tracking and configuration documentation,0.29158565,0.300507724,104993953MIN-001 - HAL4.0 - IEC 60601-1.pdf,104993953,,485,4 Supply voltage: (Continued),312-313,Instruction Rev 02 requires documenting the test environment including software build/release being tested DND08T01 Verification Plan Rev 01 references DND08 Verification W ork Instruction Rev 02 DND09T01 Validation Plan Rev 02 references DND09 Validation W ork Instruction Rev 02 Device records (Appendix B): D52172 Halcyon 4.0 Verification Plan Rev 02.docx D54550 HAL 4.0 Validation Plan Rev 05.docx P Page 312 of 365                     Report No. 104993953MIN-001 IEC 60601-1 Clause Requirement + Test Result - Remark Verdict TRF No. IEC60601_1S Attachment - Software – IEC 62304:2006 — d) relevant hardware and software test configurations Procedures used (Appendix A): DND09 Validation W ork Instruction Rev 02 and DND08 Verification W ork Instruction Rev 02 requires documenting the test environment including software and equipment DND08T01 Verification Plan Rev 01 references DND08 Verification W ork Instruction Rev 02 DND09T01 Validation Plan Rev 02 references DND09
software version tracking and configuration documentation,0.2762022,0.338161856,D95424 HAL 4.0 MR2 (HAL Evolve) Maintenance Release Document Rev 04.pdf,D95424,4,36,1. Maintenance Release Plan > 1.5 Software Configuration Management > 1.5.4 SOUP (Continued),16-17,"o Production pilot will only happen in VAR BJ. With the inputs listed in table#1.6.1. o As no new components were introduced, and no changes made on critical component list as of this project, no plan to update D58685 HAL traceability plan. HAL 4.0 MR2 (HAL Evolve) Maintenance Release Document This document contains confidential, proprietary information of Varian Medical Systems. It may not be copied or reproduced without prior written permission from Varian Medical Systems. Doc Number Rev. Date Last date of e- D95424 04 sign DND01F02 Rev 01 Page 17 of 42 o Production pilot readiness (manufacturing BOM DFR) is captured in D98253 HAL4.0MR2 Production Pilot Readiness (DFR) Review which includes deliverables matched with the table as below. Deliverable Changed Item Production Cut-In date EC#Production Location / Vendor No New physical components introduce as part of this project. No new software version for the list of part numbers for workstation images etc refer to DFR D97762 and D98253."
software version tracking and configuration documentation,0.272218,0.30467087,D101277 106485676MIN-001 IEC60601-1 Ed.3.2 HAL4.0_30_APR_2026 Rev 1.pdf,D101277,1,490,6. The MSO shall only be used to power the console cabinet (Continued),302,5.1.8 Document management procedures DND0101 RACI for Design and Development 08 14-Apr-2026 5.1.9 Software configuration management procedures DND19 Software Configuration Management Procedure 04 14-Dec-2023 5.2 Software system requirements specification DND05T02 Product Requirements Document (PRD) 04 30-Aug-2024 5.2.3 Specification of risk control measure implemented in software RSK0101T02 Risk Management Report (RMR) 06 29-Sep-2025 5.3 Software system architecture design specification DND06T03 System Design Description (SyDD) 01 27-Jan-2022 5.3 Software item architecture design specification DND06T02 Feature Design Description (FDD) 01 27-Jan-2022 5.4 Software item detailed design specification D64910 HAL 4.0 System Design Description 01 30-Jun-2022 5.4 Software unit detailed design specification 5.5.1 Software unit implementation records DND08 Verification Work Instruction 03 08-Nov-2022 5.5.2 Software unit verification process
software version tracking and configuration documentation,0.2666436,0.333869278,104993953MIN-001 - HAL4.0 - IEC 60601-1.pdf,104993953,,474,4 Supply voltage: (Continued),303,"Request Rev 05 approvals are placed in the project records of the Design History File for each project Device records (Appendix B): Design History File Index P 8.3 [A, B, C] The MANUFACTURER retains retrievable records of the history of controlled CONFIGURATION ITEMS including SYSTEM configuration Procedures used (Appendix A): Configuration item history is retained as described in DND19 Software Configuration Management Procedure Rev 02 Configuration management is documented in the DND04T01 Design and Development Plan (DDP) Rev 02. Device records (Appendix B): D45739 HAL 4.0 Design and Development Plan Rev 06.docx P — 9 SOFTW ARE PROBLEM RESOLUTION PROCESS 9.1 [A, B, C] The MANUFACTURER prepares a PROBLEM REPORT for each problem detected in the SOFTW ARE PRODUCT Procedures used (Appendix A): Software problems are entered into the ClearQuest problem database, following DND15 DR Handling W ork Instruction Rev 01 DND08T01 Verification Plan Rev 01 references DND15 DR Handling W ork"
software version tracking and configuration documentation,0.2654994,0.377198219,D54978 HAL 4.0 Regulatory Plan Rev 5.0.pdf,D54978,5,152,2. “Ethos Radiotherapy System ” > 9.12 Singapore > 8.12.1 Singapore documentation requirements,69-70,"Change type 2Ai (Technical) Documentation Required Comment Design verification and validation N/A Risk analysis N/A Clinical evidence (if applicable) N/A Device labels (original, redlined and proposed) N/A Detailed summary of software changes (can be included in the Annex 2, Summary Table of Change). To include information on the incremental changes or revisions to the software from the registered software version. To provide the final software version to be supplied in Singapore. Note: The final software version that represents all software changes/iteration (e.g. graphic interface, functionality, bug fixes and etc.) should be provided. Software version Regulatory Plan Revision Doc Number 5.0 D54978 Varian Confidential REG0504F01 Rev 05 This document contains confidential, proprietary information of Varian Medical Systems. It may not be copied or reproduced without prior written permission from Varian Medical Systems. Page 70 of 83"
software version tracking and configuration documentation,0.26284185,0.301867247,D68782 HAL 4.0 Requirement Tracing rev 01.pdf,D68782,1,110,2. Requirements Tracing (Continued),43,"Software tools and access for 396715 Commands from SSP & DKB - Displayed in SMC 1018428 Service Software tools and access for 396716 Local Mode Axis Move - Service Utility 1018428 Service Software tools and access for 396718 Service Pendant - Motion Control Capability 1018428 Service Software tools and access for 396719 Config Data Backup 1018428 Service Software tools and access for 396721 Error/Fault Logging 1018428 Service Software tools and access for 396722 Beam, Motion, Power, and Cooling Records 1018428 Service Software tools and access for 396723 Trajectory Log 1018428 Service Software tools and access for 396724 Combined System Log - Treatment Details 1018428 Service Software tools and access for 396725 Combined System Log - Software Version 1018428 Service Software tools and access for 396726 Combined System Log - Odometers 1018428 Service Software tools and access for 396727 Version Mismatch of Hardware or Software 1018428 Service"
software version tracking and configuration documentation,0.24617071,0.3437922,D95424 HAL 4.0 MR2 (HAL Evolve) Maintenance Release Document Rev 04.pdf,D95424,4,30,1. Maintenance Release Plan > 1.5 Software Configuration Management > 1.5.4 SOUP,14-15,"Please see Table below for basic details regarding the OTS software components. Note, no additional instruction is needed to the user with regards to these software components. Details regarding Varian Off the Shelf Software: Table 4: Details regarding Varian Off the Shelf Software SOFTWARE  Manufacturer Unique SOUP Identifier (e.g. version, release date, patch number) Documentation Supplied to End User HAL 4.0 MR2 (HAL Evolve) Maintenance Release Document This document contains confidential, proprietary information of Varian Medical Systems. It may not be copied or reproduced without prior written permission from Varian Medical Systems. Doc Number Rev. Date Last date of e- D95424 04 sign DND01F02 Rev 01 Page 15 of 42 Windows 10  Microsoft Corporation Windows 10 Enterprise 2016 LTSB Version 1607, Released Date 8/2/2016, OS build 14393.1198 None VxWorks  Wind River  Version 6.9 32  None Network Shutdown Module  EATON  Version 3.21  None"
software version tracking and configuration documentation,0.24113183,0.308841467,D69533 HAL 4.0 MR1 Maintenance Release Document Rev09.docx.pdf,D69533,9,47,2 or less P3 unresolved DRs at DTR. > 1.5 Software Configuration Management > 1.5.4 SOUP (Continued),21-22,"SOFTWARE from P1055475001 to P1055475002 INSIDE P1050700 (to rev C) HAL SOFTWARES 5/25/2023 ECN-200108886 VMS BJCOMPLETE HAL 4.0 MR1 Maintenance Release Document This document contains confidential, proprietary information of Varian Medical Systems. It may not be copied or reproduced without prior written permission from Varian Medical Systems. Doc NumberRev. Date D6953309 Date of last e-Sign DND01F02 Rev 01 Page 22 of 43 Deliverable Changed Item Pre- production Cut-In date EC# / Change Master# Production Location / Vendor Result/Outcome P1033543 BASE MODEL ASSY, PRE- CELL； P1033543 updated to Rev K to include the HAL4.0.1 version software 5/25/2023 ECN-200108886VMS BJ, VMS Kemnath COMPLETE Golden Hard Drive P1055475001 need to update to P1055475002 5/25/2023 ECN-200108886 VMS BJCOMPLETE D39704 Console Test MI Update CBCT Password 5/25/2023 ECN-200108886 VMS BJCOMPLETE D44776 Cell Test MI Remove the record of AP3V record 5/25/2023 ECN-200108886 VMS BJ, VMS Kemnath COMPLETE 70001514 IRM"
software version tracking and configuration documentation,0.22970797,0.304588586,D58685-Rev04-HAL4.0 Traceability Plan.pdf,D58685,4,15,3. Responsibilities 职责 > 4.5 For HAL4.0 production we have below rating: (Continued),8-9,"Abbreviation Explanation CTR Critical To Reliability CTS Critical To Safety RA/QA Regulatory Affairs / Quality Assurance Definitions 定义 Term Definition Any raw material, substance, piece, part, software, Component 部件 firmware, labeling or assembly that is intended as part of the finished, packaged, labeled, installed device. 任何作为成品、包装、贴标、已安装设备组成部分的原材 料、物质、零件、元件、软件、固件、标签或组件。 Critical To Reliability (CTR) component CTR 部件 A component identified on the Critical To Reliability list. 在可靠性至关重要清单上标识的部件 Critical to Safety (CTS) component CTS 部件 A component identified on the Critical To Safety list. 在“对安全至关重要”清单上标识的部件。 Engineering Build Version 工程构建版本 A unique version identifier for the released software application expressed as a Major (MA), Minor (MI) and Build (B) number. 发布的软件应用程序的唯一版本标识符，表示为主版本号 (MA)、次版本号(MI)和构建版本号(B)。 HAL4.0 Traceability Plan This document contains confidential, proprietary information of Varian Medical Systems. It may not be copied or reproduced without prior written"
software version tracking and configuration documentation,0.22337708,0.307528317,D101277 106485676MIN-001 IEC60601-1 Ed.3.2 HAL4.0_30_APR_2026 Rev 1.pdf,D101277,1,400,6. The MSO shall only be used to power the console cabinet (Continued),222,"DND04T01 Design and Development Plan (DDP) Device records: D45739 HAL 4.0 Design and Development Plan P c) TRACEABILITY between SYSTEM requirements, software requirements, SOFTWARE SYSTEM test, and RISK CONTROL measures implemented in software Procedures used: Traceability is described in DND01 Design and Development Procedure, which is referenced in the DND04T01 Design and Development Plan (DDP) RSK0101 Medical Device Risk Management DND01 Design and Development Procedure Device records: D45739 HAL 4.0 Design and Development Plan P d) software configuration and change management, including SOUP CONFIGURATION ITEMS and software used to support development Procedures used: DND19 Software Configuration Management Procedure and SOUP are included in the DND04T01 Design and Development Plan (DDP) Software used to support development is included in the Tools section of the DND04T01 Design and Development Plan (DDP) Device records: D45739 HAL 4.0 Design and Development Plan P"
software version tracking and configuration documentation,0.21850258,0.341823757,D95424 HAL 4.0 MR2 (HAL Evolve) Maintenance Release Document Rev 04.pdf,D95424,4,25,1. Maintenance Release Plan > 1.5 Software Configuration Management > 1.5.1 Build Infrastructure and Repositories,13,"Installation, Operation and Performance Qualification [IQOQPQ] documents of the respective Build servers used to generate Console, Embedded, Imaging components, Ember Software and Prerequisite, NLS and System builds are uploaded to DHF and mentioned in the IQ, OQ, PQ documents listed below. • D68533 IQOQPQ VM PABUILDHAL5 Rev 01.pdf • D91766 IQOQPQ_VM_PABUILD40 Rev 01.docx • D68551 IQOQPQ_VM_PAHAL40EMB Rev 1.0.docx.pdf • D69012 IQOQPQ_VM_EU-TFS19BLD11 Rev 1.pdf"
software version tracking and configuration documentation,0.21157968,0.379175425,104993953MIN-001 - HAL4.0 - IEC 60601-1.pdf,104993953,,397,4 Supply voltage: (Continued),239-240,"Page 238 of 365                     Report No. 104993953MIN-001 IEC 60601-1 Clause Requirement + Test Result - Remark Verdict TRF No. IEC60601_1S Attachment - Software – IEC 62304:2006 — a) the classes, types, categories or lists of items to be controlled Procedures used (Appendix A): DND19 Software Configuration Management Procedure Rev 02 lists items to be controlled Configuration management is documented in the DND04T01 Design and Development Plan (DDP) Rev 02. Device records (Appendix B): D45739 HAL 4.0 Design and Development Plan Rev 06.docx P b) the software configuration management ACTIVITIES and TASKS Procedures used (Appendix A): DND19 Software Configuration Management Procedure Rev 02 lists tasks Configuration management is documented in the DND04T01 Design and Development Plan (DDP) Rev 02. Device records (Appendix B): D45739 HAL 4.0 Design and Development Plan Rev 06.docx P Page 239 of 365                     Report No. 104993953MIN-001 IEC 60601-1"
software version tracking and configuration documentation,0.17981842,0.313907176,D95424 HAL 4.0 MR2 (HAL Evolve) Maintenance Release Document Rev 04.pdf,D95424,4,28,1. Maintenance Release Plan > 1.5 Software Configuration Management > 1.5.3 Software Promotion to Engineering and to PVE,14,"Software Promotion to Engineering and PVE for all the Console, Embedded, Imaging components, Ember Software, and Prerequisite, NLS, and System builds are uploaded to DHF and mentioned in the Software Build Procedure documents listed below. • D67594_Halcyon_4.0_Console_Software_Build_Procedure_Rev_01.pdf • D68456 Halcyon 4.0 RTSS Build Procedure Rev 01.docx.pdf • D67814_XS_4.0_SBP_XINode_Rev_01.docx.pdf • D42334 CR SBP Rev 05.docx.pdf • D68539_MPC_2.37_SBP_Rev_01.pdf • D68717_HAL4_TI_2.37_SBP_Rev_02.docx.pdf • D68585 TDIS Ember Build Procedure Rev 01.docx.pdf • D67595_Halcyon_4.0_System_Build_Procedure_Rev_02.pdf Individual Software components are built using Continuous Integration and Nightly scheduled Builds. Automation is run at each check-in and Nightly automation on the scheduled CI builds. During release, once the build is stable and ready for release, the HAL-Main Source code is stamped onto the PR branch. All builds are created on the PR branch with the right versioning and"
list of device variants and product family classifications,0.50796443,0.286513925,D68014 HAL 4.0 Validation Summary Report Rev 02.docx.pdf,D68014,2,16,1. Introduction > 2.3 Validation Environments > 2.3.1 Device Interoperability,9-10,"This table lists the latest versions used in device interoperability. Compatibility is managed by verification found in Verification Plan (24). Product Group #1 Product Group #2 Test Environment Product Name(s) Build Product Name(s) Build Halcyon 4.0 04.00.0033 ARIA Base Release 16.0 16.00.0040.006 SN4 (Palo Alto, Cell 17) TSCL (25)(26) ARIA OIS for RO 16.0 16.00.0014.102 ARIA RTM 16.1 MR2 16.01.0200.3 Eclipse 16.1 MR2 16.01.0300.070 Queue 15.1 MR2 15.01.07.03 Halcyon 4.0 04.00.0033 17.00.0055.019 ARIA Base Release 17.0 SN4 (Palo Alto, Cell 17) TSCL (27) 17.00.0020.1.101 ARIA OIS for RO 17.0 17.00.0005.389 ARIA RTM 17.0 17.00.00999 Eclipse 17.0 (engineering build) 17.00.0041.0 Queue 17.0 Halcyon 4.0 04.00.0033 ETHOS treatment planning (TPMS) 1.1.2.44 1.1 SN9 (Baden, R2) TSCL (28) ETHOS treatment management (PHI) 2.1 MR1 2.1.2.11005 HAL 4.0 Validation Summary Report This document contains confidential, proprietary information of Varian"
list of device variants and product family classifications,0.4788334,0.331981033,D89591 HAL Evolve Product Technical Requirements Rev01.docx.pdf,D89591,1,4,1.  Product Model > 1.2 Device Hardware variations,3,Hardware configuration differencesHalcyon Halcyon Evolve √ Configuration One: MV Imaging Configuration Two: MV Imaging and Standard Imaging kV Flat Panel Detector √√ Configuration Three: MV Imaging and High- performance Imaging kV Flat Panel Detector (Applicable to Hal4.0 and above versions) √
list of device variants and product family classifications,0.35947654,0.285440177,D58308 HAL 4.0 Device Description Rev 1.0.docx.pdf,D58308,1,3,1.0 Executive Summary > 1.2 Device Classification,3-4,"HAL delivers therapeutic radiation to the patient in accordance with the physician’s prescription Country/ Device Classification Reference/Regulation Number Region Product Code (US) / GMDN Code with Classification Name United States Class II 21 CFR §892.5050 IYE EU Class IIb Medical Device Directive 93/42/EEC, Annex IX, Rule 9 Medical Device Regulation (EU) 2017/745 Rule 9 35159 (Accelerator System, Linear) Canada Class III Medical Device Regulations (SOR/98-282), Schedule 1, Rule 8 Not applicable Japan Class III Pharmaceutical Affairs Law (PAL) Article 2, Paragraph 5 35159 (Accelerator System, Linear) China Class III Regulations for the Supervision and Administration of Medical Device, Chapter 1, Article 5 Not applicable Therapeutic Goods (Medical Device) Australia  Class IIb 35159 Regulations 2002 – Schedule 2 Brazil  Class  III Annex II, Resolution RDC 185/2001 35159 Table 1: HAL Device Classification HAL 4.0 Device Description Revision Doc Number 1.0 D58308"
list of device variants and product family classifications,0.3382957,0.266374707,D74887 HAL 4.0 MR1 Validation Summary Report Rev01.docx.pdf,D74887,1,12,1. Introduction > 2.3 Validation Environments > 2.3.1 Device Interoperability,6-7,"This table lists the latest versions used in device interoperability. HAL 4.0 MR1 Validation Summary Report This document contains confidential, proprietary information of Varian Medical Systems. It may not be copied or reproduced without prior written permission from Varian Medical Systems. Doc Number Rev. Date Date of Last D74887 01 eSign DND09T02 Rev 02   Page 7 of 16 Compatibility is managed by verification found in the Maintenance Release Document (MRD) section 5 Verification and Validation Plan (4). Product Group #1 Product Group #2 Test Environment Product Name(s) Build Product Name(s) Build 04.00.0122 Halcyon 4.0 MR1 17.00.0057.003 ARIA Base Release 17.0 SN3 (Palo Alto, Cell 4) TSCL (5) 17.00.0021.101 ARIA OIS for RO 17.0 17.00.0005.389 ARIA RTM 17.0 17.00.0005.389 Eclipse 17.0 17.00.0041 Queue 17.0 SN4 (Palo Alto Cell 17) 04.00.0122 Halcyon 4.0 MR1 N/A N/A TSCL (7) (8) 04.00.0122 Halcyon 4.0 MR1 Ethos Treatment Management (PHI) 2.1 MR1 2.1.2.11005 SN6 (Baden, R1)"
list of device variants and product family classifications,0.3262714,0.273711383,D44094_HAL4.0_CER_Rev05.pdf,D44094,5,86,3. DAEN,27-29,"Search Field Keyword(s) Medical devices Varian Date range 01-July-2017 to 04-Dec-2020 These searches resulted in lists of all Varian products in the respective database for the respective time periods. Clinical Evaluation Report (EU) HAL 4.0 Revision Doc Number 05 D44094 Varian Confidential CLN0203T01 Rev 01 This document contains confidential, proprietary information of Varian, a Siemens Healthineers Company. It may not be copied or reproduced without prior written permission from Varian. Page 28 of 91 Varian Confidential The lists were searched for records related to HAL. There were no records related to HAL. Clinical Evaluation Report (EU) HAL 4.0 Revision Doc Number 05 D44094 Varian Confidential CLN0203T01 Rev 01 This document contains confidential, proprietary information of Varian, a Siemens Healthineers Company. It may not be copied or reproduced without prior written permission from Varian. Page 29 of 91 Varian Confidential Stage 2: Appraisal of Pertinent Data"
list of device variants and product family classifications,0.28407922,0.328276157,D58308 HAL 4.0 Device Description Rev 1.0.docx.pdf,D58308,1,34,2.0 Detailed Device Description > 2.1 System Architecture Overview > 2.4.1 Halcyon variations,13,Hardware variations  MV System Variation
list of device variants and product family classifications,0.2780607,0.341469109,D48516 HAL 4.0 Clinical Evaluation Plan Rev 01.pdf,D48516,1,14,3.0 Device Description > 3.2 Classification,5,"Device Device Name Country /Region Classification Reference/Regulation Number EU Class IIb MDR Annex VIII, Rule 9 Halcyon"
list of device variants and product family classifications,0.27405986,0.347835302,D54978 HAL 4.0 Regulatory Plan Rev 5.0.pdf,D54978,5,9,4. Type of Device,5,"Product Code (US) / GMDN Country/Region Device Classification Reference/Regulation Number Code 21 CFR §892.5050 United States Class II IYE EU) 2017/745 Medical Devices Regulation EU (MDR) Class IIb (MDR) Annex VIII Classification Criteria, Rule 9 35159  (Accelerator System, Linear) Medical Device Regulations (SOR/98-282), Canada Class III Not applicable. Schedule 1, Rule 8 Pharmaceuticals and Medical Devices Japan Class III Act(PMD Act) Article2,Paragraph 5 35159000 (Accelerator System, Linear) NMPA Medical device classification category China Class III 05-01-01 (medical electron 2017 accelerator)"
list of device variants and product family classifications,0.2724115,0.309365779,D65864 HAL 4.0 Early Validation Summary Report Rev 01.docx.pdf,D65864,1,11,1. Introduction > 2.3 Validation Environments > 2.3.1 Device Interoperability,7,"This table lists the latest versions used in device interoperability. Compatibility is managed by verification found in Verification Plan (5) Product Group #1 Product Group #2 Test Environment Product Name(s) Build Product Name(s) Build Halcyon 4.0 Multiple Builds (See Product Identifier/ Version in Appendix C) ARIA Base Release  15.1 SN3 (Palo Alto, Cell 4) ARIA OIS for RO  15.5 ARIA RTM 15.5 Eclipse  15.6 Queue  15.1 Halcyon 4.0 Multiple Builds (See Product Identifier/ Version in Appendix C) ARIA Base Release  16.0 SN4 (Palo Alto, Cell 17) ARIA OIS for RO  16.0 ARIA RTM  16.1 MR2 Eclipse  16.1 MR2 Queue  15.1 MR2 Halcyon 4.0 Multiple Builds (See Product Identifier/ Version in Appendix C) Physician’s Intent 2.1 2.1 SN9 (Baden, R2) TPMS Halcyon 1.1 1.1.2.44 ARIA Base Release 17.0 ARIA OIS for RO 17.0 ARIA RTM 17.0 Eclipse 17.0"
list of device variants and product family classifications,0.24006125,0.366743326,D58308 HAL 4.0 Device Description Rev 1.0.docx.pdf,D58308,1,7,1.0 Executive Summary > 1.2 Device Classification > 1.3.3 Type of Device,4-5,Device models included with Varian’s HAL treatment delivery platform include:  Halcyon  Ethos Radiotherapy System o Ethos Radiotherapy System includes the same features as Halcyon but is the dedicated solution for adaptive radiotherapy. HAL 4.0 Device Description Revision Doc Number 1.0 D58308 Format L00002426 Rev 05              Page 5 of 41 Image 1:  Halcyon Image 2:  Ethos Radiotherapy System
list of device variants and product family classifications,0.23370637,0.272121,D67731 HAL 4.0 Design History File Index Rev 05.docx.pdf,D67731,5,134,2. Design History File Index > 2.11 Regulatory (Continued),55,D59836 D59836 HAL Market History Rev 3.0 HAL 4.0 3.0 D74625-AU-Classification_Linear_Accelerator_Halcyon Rev 01.pdf D74625 01 HAL 4.0 D74310 HAL 4.0-Medical Device Classification for United States Rev 01.pdf D74310 01 HAL 4.0 D74311 HAL 4.0 Medical Device Classification for Canada Rev 01.pdf D74311 01 HAL 4.0 D74481 D74481 HAL 4.0 Medical Device Classification for Japan (Intended for Hardware or HAL 4.0 01 Combined Hardware-Software Devices) Rev 01.pdf D74442 - HAL 4.0 - Medical Device Classification for Brazil Rev 01.pdf D74442 01 HAL 4.0 D72976 D72976 HAL4.0 IEC 60601-2-1(2020) 201.10.101.1.2 - Independent termination system HAL 4.0 02 (ITS) Report Rev 02.pdf D74020 D74020 Halcyon 4.0 End-to-end evaluation for HyperSight CBCT-based and CT-based HAL 4.0 01 clinical plans Review Report Rev01.docx D74020 D74020 Halcyon 4.0 End-to-end evaluation for HyperSight CBCT-based and CT-based HAL 4.0 02 clinical plans Review Report Rev02.docx D75417 01 HAL 4.0
list of device variants and product family classifications,0.21502088,0.26697877,D74366 HAL 4.0 MR1 Early Validation Summary Report Rev01.docx.pdf,D74366,1,10,1. Introduction > 2.3 Validation Environments > 2.3.1 Device Interoperability,7-8,"This table lists the latest versions used in device interoperability. Compatibility is managed by verification found in the Maintenance Release Document (MRD) section 5 Verification and Validation Plan (3). HAL 4.0 MR1 Early Validation Summary Report This document contains confidential, proprietary information of Varian Medical Systems. It may not be copied or reproduced without prior written permission from Varian Medical Systems. Doc Number Rev. Date Date of Last 01 D74366 eSign DND09T02 Rev 02   Page 8 of 17 Product Group #1 Product Group #2 Test Environment Product Name(s) Build Product Name(s) Build Halcyon 4.0 Multiple Builds (See Product Identifier/ Version in Appendix C) ARIA Base Release 17.00.0054.002 17.0 SN3 (Palo Alto, Cell 4) TSCL(Dry Run 1) (4) TSCL(Dry Run 2) (5) 17.00.002.1.101 ARIA OIS for RO 17.0 17.00.0005.389 ARIA RTM 17.0 17.00.0005.389 Eclipse 17.0 17.00.0041 Queue 17.0 Halcyon 4.0 Multiple Builds (See Product Identifier/ Version in Appendix C) Ethos Treatment"
list of device variants and product family classifications,0.15960999,0.266893506,D70154 HAL 4.0 Machinery Directive Checklist Rev 01.pdf,D70154,1,11,1. Checklist Form (Continued),6-7,"AND MACHINERY FOR COSMETICS OR PHARMACEUTICAL PRODUCTS No Not relevant for medical devices 2.2 PORTABLE HAND-HELD AND/OR HANDGUIDED MACHINERY No Title only 2.2.1 General  No Covered in MDR Annex I, GSPR 14, 17 2.2.1.1 Instructions  No Covered in MDR Annex I, GSPR 23.4 Varian Confidential Format L3689 Rev 02  Page 7 of 12 No. EHSR of MD 2006/42/EC Applicable to medical devices Yes/No Rationale Varian Action 2.2.2 Portable fixing and other impact machinery No Not relevant 2.3 MACHINERY FOR W ORKING W OOD AND MATERIAL W ITH SIMILAR PHYSICAL CHARACTERISTICS No Not relevant 3  SUPPLEMENTARY ESSENTIAL HEALTH AND SAFETY REQUIREMENTS TO OFFSET HAZARDS DUE TO THE MOBILITY OF MACHINERY No Title and explanatory text only 3.1 GENERAL  No Title only 3.1.1 Definitions  Yes Defined terms necessary for the understanding Not applicable to Varian machinery because it is not mobile. 3.2 W ORK POSITIONS  No Title only 3.2.1 Driving Position  No Covered in MDR Annex I, GSPR 4, 6, 14"
list of device variants and product family classifications,0.15765491,0.354894906,D58308 HAL 4.0 Device Description Rev 1.0.docx.pdf,D58308,1,33,2.0 Detailed Device Description > 2.1 System Architecture Overview > 2.2.3 Patient verification application (Continued),13,"With HAL 4.0, there are different imaging components dependent on the capabilities of the system. Please find the variations in section 2.4. 2.4Device Variants"
list of device variants and product family classifications,0.12002562,0.27321735,D54978 HAL 4.0 Regulatory Plan Rev 5.0.pdf,D54978,5,155,2. “Ethos Radiotherapy System ” > 9.13  Australia & New Zealand (Continued),70,"device. Reference: Therapeutic Goods (Medical Devices) Regulations 2002. The addition of a new risk control measure does not change the Intended Purpose. Medsafe (NZ) are required to be notified only if there are changes to the information on the WAND database. Similar to the TGA, this includes information such as GMDN code, manufacturer’s details and the manufacturer’s Intended Purpose. Ethos Radiotherapy System 4.0: A variation request or new registration for Ethos Radiotherapy System 4.0 is not required to be submitted the TGA. Variations are only required when there is a substantial change to the design, intended performance or quality management system of the device. Legislation does not contain a definition for ‘substantial change’, however, at a minimum, changes to any details on the conformity assessment (CA) certificate constitute a substantial change. These include details such as GMDN code, manufacturer’s details and the manufacturer’s Intended Purpose."
list of device variants and product family classifications,0.11777492,0.274968207,D68599 Hal 4.0 Design Verification Trace Matrix Rev 02.pdf,D68599,2,2107,13. (Subsys) TXA - Treatment (Continued),659-660,"Instruction, including the About Box and About Box Detailed Info implementation where applicable, and display the version and build information consistently. The About-box shall contain at least the following information depending on the medical device classification of the device: Not a medical device per EU MDR Class I medical device per EU MDR Other medical device per EU MDR Product name 982501 Halcyon about box content HAL40_SYSTEM_REL_04.00.0023 1222783 Halcyon Default Passed NA Hal 4.0 Design Verification Trace Matrix This document contains confidential, proprietary information of Varian Medical Systems. It may not be copied or reproduced without prior written permission from Varian Medical Systems. Doc Number Rev. Date Date of last e- D68599 02 Sign Format DND01T01 Rev 02   Page 660 of 735 Version of the product, as specified in L6954 “Product Versioning” Copyright notice in the form “Copyright P yyyy-yyyy Varian Medical Systems, Inc.”"
list of device variants and product family classifications,0.112015955,0.290602863,D47457 HAL 4.0 APS Record Rev 04.docx.pdf,D47457,4,52,3.0 Summary of Applicable Standards and Guidance documents > 3.1 Applicable Standards (Continued),19,Page 19 of 39 # Applicability Identifier Applicable Nat'l Adoption Applicable Version Title SME function  Evidence required  Comments 3.1.97 Applicable 21 CFR 820.65N/A28 July 2025US: TraceabilityQuality Assurance SOPsFollowing Varian procedures ensures compliance with the regulation. 3.1.98 Applicable 21 CFR 820.130N/A28 July 2025US: Device packagingEngineering SOPsFollowing Varian procedures ensures compliance with the regulation. 3.1.99 Applicable 21 CFR 860N/A28 July 2025US: Medical Device Classification ProceduresRegulatory Affairs Internal Report/ Certification Following Varian procedures ensures compliance with the regulation. 3.1.100 Applicable SOR/98-282 Section 6-7 N/A31 May 2025Canada: Medical Devices Regulation Classification of Medical Devices Regulatory Affairs Internal Report/ Certification Following Varian procedures ensures compliance with the regulation. 3.1.101 Applicable SOR/98-282 Sections N/A31 May 2025Canada: Medical Devices Regulation Part 1 Section 10- 20
list of device variants and product family classifications,0.11143445,0.277784795,D58308 HAL 4.0 Device Description Rev 1.0.docx.pdf,D58308,1,6,1.0 Executive Summary > 1.2 Device Classification > 1.3.2 Unique Device Identifier,4,The UDI-DI of this device:  Basic UDI-DI for EU MDR compliance : 089947500200108PQ  Model UDIs for HAL 4.0: o Halcyon – 4.000857235006075 o Ethos Radiotherapy System – 4.000857235006099
list of device variants and product family classifications,0.10557884,0.263814807,D67424 Ethos 4.0 Product Technical Requirements Rev 02.pdf,D67424,2,148,4. Terminology > 4.3 IMRT (Continued),28-29,"4) Classification according to the safety degree under situation of flammable anesthetic mixtures with air or with oxygen or nitrous oxide: The device shall be used under the environment with neither flammable anesthetic mixtures nor flammable detergent. 5) Classification according to the operating mode: continuous operation with intermittent loading equipment 6) The rated voltage and frequency, power voltage: 3~ 380V, 50/60Hz, 18kVA (continuous), 33kVA (momentary), with transformer; 7) There is no defibrillation-proof applied part 8) There is signal input /output part 9) This device is permanent installed device 10) Electrical insulation diagram Ethos Electrical insulation diagram Enlarged Ethos schematic of electrical insulation diagram for treatment couch Pollution level 2 D67424 Ethos 4.0 Product Technical Requirements This document contains confidential, proprietary information of Varian Medical Systems. It may not be copied or reproduced without prior written permission"
list of device variants and product family classifications,0.09947021,0.308418274,D59836 HAL-Market History-Revision 04.docx.pdf,D59836,4,4,1.0 General Summary > 1.1 Device Market History,2-3,"Note: The Product Platform name is HAL. Within the Product Platform there are two product models: · “Halcyon”. This is the non-adaptive model. · “Ethos Radiotherapy System” This model is capable of adaptive treatments. The Platform name, HAL, is for internal and regulatory submission use only. It does not appear on any customer facing documents. Only the model names are customer facing. Table 1 describes market history of the [Device Name] since the initial release. It specifies the countries where a given device version is cleared, and regulatory registration details in major countries. Market History HAL Revision Doc Number 4 D59836 Varian Confidential REG0507F09 Rev 01 This document contains confidential, proprietary information of Varian, a Siemens Healthineers Company. It may not be copied or reproduced without prior written permission from Varian. Page 3 of 10 Table 1: Market History of the Device Device Generation and Released System Version (Chronological) / Date of Build"
list of device variants and product family classifications,0.09894659,0.274655342,D70060 HAL 4.0 GSPR Checklist Rev2.docx.pdf,D70060,2,86,2. Canada Medical Device Regulations (CMDR) – 2024-12-14 (Continued),30,"packaging of multiple devices. ISO 15223-1:2016 All devices are clearly identified by the label. HAL ID Plates:  P1015412007 and  P1055560001 MDR GSPR 3(23.1c) CMDR 21 AU EP 13.2 (c) Labels shall be provided in a human-readable format and may be supplemented by machine- readable information, such as radio-frequency identification (‘RFID’) or bar codes. ISO 15223-1:2016 Labels are provided in human readable format and in machine-readable information (UDI). HAL ID Plates:  P1015412007 and  P1055560001 MDR GSPR 3(23.1d) CMDR 21, 22 AU EP 13.4 (d) Instructions for use shall be provided together with devices. By way of exception, instructions for use shall not be required for class I and class IIa devices if such devices can be used safely without any such instructions and unless otherwise provided for elsewhere in this Section. EN ISO 20417:2021 IFU is available on www.MyVarian.com and Quick Reference Guide is supplied as a hard copy. Suitability of electronic media covered by e-"
list of device variants and product family classifications,0.09842541,0.263625652,D70060 HAL 4.0 GSPR Checklist Rev2.docx.pdf,D70060,2,89,2. Canada Medical Device Regulations (CMDR) – 2024-12-14 (Continued),31,"Checklist for MDR GSPR, Canadian MDR, and Australian Essential Principles [Device Name] Revision Doc Number 2 D70060 Varian Confidential REG0507F08 Rev 04 This document contains confidential, proprietary information of Varian, a Siemens Healthineers Company. It may not be copied or reproduced without prior written permission from Varian. Page 31 of 45 AU EP 13.3 MDR GSPR 3(23.2a) CMDR 21(a) AU EP 13.3(3) (a) the name or trade name of the device; EN ISO 15223-1:2016 Main device label contains the name and serial number of the device. Main device label contains the name and address of the legal manufacturer. P1025347 Device ID Plate- China and UK MDR GSPR 3(23.2b) CMDR 21(c) AU EP 13.3(2), 13.3(3) (b) the details strictly necessary for a user to identify the device, the contents of the packaging and, where it is not obvious for the user, the intended purpose of the device; EN ISO 15223-1:2016 Main device label contains the name and serial number of the device. HAL ID Plates:  P1015412007"
list of device variants and product family classifications,0.09636511,0.28874886,D54978 HAL 4.0 Regulatory Plan Rev 5.0.pdf,D54978,5,154,2. “Ethos Radiotherapy System ” > 9.13  Australia & New Zealand,70,"Halcyon 4.0: A variation request or new registration for Halcyon 4.0 is not required to be submitted the TGA. Variations are only required when there is a substantial change to the design, intended performance or quality management system of the device. Legislation does not contain a definition for ‘substantial change’, however, at a minimum, changes to any details on the conformity assessment (CA) certificate constitute a substantial change. These include details such as GMDN code, manufacturer’s details and the manufacturer’s Intended Purpose. *Variants are only required when the design of the medical device has been varied to accommodate different patient anatomical requirements (for example, relating to the shape, size, length, diameter or gauge of the device) or any other variation approved by the Secretary for this definition, if the variation does not change the intended purpose of the"
list of device variants and product family classifications,0.08819004,0.281731397,D67423 HAL 4.0 Product Technical Requirements Rev 02.pdf,D67423,2,164,5.  Annex (Continued),32,"from Varian Medical Systems. Effective Date Doc Number Rev See page 1 for D67423 02 Effective date Once printed or downloaded, this document becomes an uncontrolled copy. DND06F01 Rev 01  Page 32 of 38 Appendix B Other Information about the Product B1.EMC Relevant Information 1) Group I 2) Class A 3) Permanent Installation 4) Not life support equipment B2. Software Information B2.1 Software safety classification: C B3. Terms not applicable in GB15213 • 5.2.2 ELECTRON RADIATION (Not applicable, this device doesn’t provide electron ratiation) • 5.3.1.1 Flatness of square X-RAY FIELDS(Not applicable, this device doesn’t provide flattened field) • 5.3.1.5 WEDGE X-RAY FIELDS (Not applicable, no wedge X-ray fileds are provided) • 5.3.2 ELECTRON RADIATION (Not applicable, this device doesn’t provide electron ratiation) • 5.4.1.2 LIGHT FIELD-INDICATOR (Not applicable, the radiation head is in the inside of the gantry, so there is no light field-indicator)"
list of device variants and product family classifications,0.08819004,0.275307864,D93257 Halcyon Evolve User Assistance Plan Rev02.docx.pdf,D93257,2,10,2. User Assistance Deliverables > 2.2 Regulatory Requirements – Medical Devices > 2.2.1 Medical Device Classification,5,"Halcyon, or Halcyon Evolve, is a Class II Medical Device."
list of device variants and product family classifications,0.08803312,0.401783735,D58308 HAL 4.0 Device Description Rev 1.0.docx.pdf,D58308,1,4,1.0 Executive Summary > 1.2 Device Classification (Continued),4,Format L00002426 Rev 05              Page 4 of 41 1.3Introduction
list of device variants and product family classifications,0.082549304,0.295414895,D47457 HAL 4.0 APS Record Rev 04.docx.pdf,D47457,4,54,3.0 Summary of Applicable Standards and Guidance documents > 3.1 Applicable Standards (Continued),19,"In accordance with Rule 7 of the Medical Device Rules, 2017, it is specified that for the fulfilment of set “Product Standards” of medical devices, all products need to comply with the set Indian Standards as provided by BIS and the latest updated standards specified by the Ministry of Health and Family Welfare also known as MOHFW that falls under the authorization of the Central Government of India. 3.1.106 Applicable Statutory Rules No. 236, N/A01 July 2025 Australia: Therapeutic Goods (Medical Devices) RegulationsRegulatory Affairs Internal Report/ 20022002 Certification Following Varian procedures ensures compliance with the regulation. 3.1.107 Applicable RDC 751/2022 N/A15 September 2022 Brazil: Resolution RDC No 751 Dated September 15, 2022 Provides for risk classification, notification and registration regimes, and labeling requirements and medical device use instructions Regulatory Affairs Internal Report/ Certification Following Varian procedures ensures"
list of device variants and product family classifications,0.08181271,0.337436974,D54978 HAL 4.0 Regulatory Plan Rev 5.0.pdf,D54978,5,156,2. “Ethos Radiotherapy System ” > 9.13  Australia & New Zealand (Continued),70-71,"*Variants are only required when the design of the medical device has been varied to accommodate different patient anatomical requirements (for example, relating to the shape, size, length, diameter or gauge of the device) or any other variation approved by the Secretary for this definition, if the variation does not change the intended purpose of the device. Reference: Therapeutic Goods (Medical Devices) Regulations 2002. The addition of a new risk control measure does not change the Intended Purpose. Regulatory Plan Revision Doc Number 5.0 D54978 Varian Confidential REG0504F01 Rev 05 This document contains confidential, proprietary information of Varian Medical Systems. It may not be copied or reproduced without prior written permission from Varian Medical Systems. Page 71 of 83 Medsafe (NZ) are required to be notified only if there are changes to the information on the WAND database. Similar to the TGA, this includes information such as GMDN code,"
list of device variants and product family classifications,0.07329728,0.278980047,D54978 HAL 4.0 Regulatory Plan Rev 5.0.pdf,D54978,5,73,2. “Ethos Radiotherapy System ” (Continued),32-33,"IEC 62366 Summary Report Compliance HAL 3.0 510(k) DOR RT2:2017 Summary Report Compliance HAL 3.0 510(k) DOR AAMI/ISO 17664:2017 Summary Report Compliance HAL 3.0 510(k) DOR ISO 10933-1 Summary Report Compliance HAL 3.0 510(k) DOR EN 60601-2-44:2009+A2:2016 HAL 3.0 510(k DOR Compliance EN ISO 10993-5:2009 Summary Report Compliance HAL 3.0 510(k) DOR ISO 10993-10: 2010 Summary Report Compliance HAL 3.0 510(k) DOR EN ISO 10993- Compliance HAL 3.0 510(k) DOR 12:2012 Summary Report ANSI/AAMI HE75:2009 Compliance  HAL 3.0 510(k) DOR 10 Executive Summary Executive Summary RA N/A Halcyon 2.0/HAL 3.0 510(k) DOR Very simple, short -explaining 11 Device Description Device Description-Introductory Video Product Management the differences are between HAL 4.0 and HAL 3.0 similar to the video used in Hal1.0/Hal2.0/HAL 3.0 Halcyon 2.0 510(k) DOR Regulatory Plan Revision Doc Number 5.0 D54978 Varian Confidential REG0504F01 Rev 05"
list of device variants and product family classifications,0.06608538,0.274686,D44094_HAL4.0_CER_Rev05.pdf,D44094,5,31,3.2.8 Device Description: Equivalent Device (13) (Continued),8-9,"Radiation Therapy (IGRT) treatment system An advanced Image Guided Radiation Therapy (IGRT) treatment system 1.1 No differences Used under similar conditions of use Within a treatment room of a Radiation Oncology department / clinic Within a treatment room of a Radiation Oncology department / clinic 1.2 No differences Clinical Evaluation Report (EU) HAL 4.0 Revision Doc Number 05 D44094 Varian Confidential CLN0203T01 Rev 01 This document contains confidential, proprietary information of Varian, a Siemens Healthineers Company. It may not be copied or reproduced without prior written permission from Varian. Page 9 of 91 Varian Confidential Similar specifications and properties including physiochemical properties such as intensity of energy, tensile strength, viscosity, surface characteristics, wavelength and software algorithms Isocenter diameter: ≤ 1.8 mm for all two rotational axes Treatment Energy: 6 MV Flattening Filter Free Dose rate: Up to 800 MU/min Maximum field size: 28 cm x 28"
